season,year,workout_number,workout_code,division,competition_gender,workout_type,workout_text,time_cap,standards_summary,workout_description_pdf,movement_standards_pdf,rx_scaled_scorecard_pdf,foundations_scorecard_pdf,equipment_free_scorecard_pdf,other_scorecard_links,quick_start,notes,tiebreak,equipment,page_url
Open,2019,1,19.1,,,,"Complete as many rounds as possible in 15 minutes of:
19 wall-ball shots
19-cal. row
Men throw 20-lb. ball to 10-ft. target",,Men throw 20-lb. ball to 10-ft. target,https://games-assets.crossfit.com/2019Open_Week1_4ROMWOD-fnhd87ehsydbegw66.pdf,,,,,,,"The workout begins with the medicine ball on the ground and athlete standing tall. After the call of “3, 2, 1… go,” the athlete will pick up the ball and perform the wall-ball shots. After 19 reps are complete, the athlete will move to the rower and pull 19 calories. The monitor must read 19 calories before the athlete can unstrap and move back to the wall-ball shots for the next round.
The athlete’s score will be the total number of repetitions completed within the 15-minute time cap. Each calorie completed on the row will be equal to 1 rep.
There is no tiebreak for this workout.",,"Medicine ball of appropriate weight for your division*
Concept2 rower
*The official weight is in pounds. For your convenience, the minimum acceptable weights in kilograms are 9 kg (20 lb.), 6 kg (14 lb.) and 4 kg (10 lb.).
For each workout, be sure the athlete has adequate space to safely complete all the movements. Clear the area of all extra equipment, people or other obstructions.
Any athlete who in any way alters the equipment or movements described in this document or shown in the workout video may be disqualified from the competition.",https://games.crossfit.com/workouts/open/2019/1
Open,2019,2,19.2,,,,"Beginning on an 8-minute clock, complete as many reps as possible of:
25 toes-to-bars
50 double-unders
15 squat cleans, 135 lb.
25 toes-to-bars
50 double-unders
13 squat cleans, 185 lb.
If completed before 8 minutes, add 4 minutes to the clock and proceed to:
25 toes-to-bars
50 double-unders
11 squat cleans, 225 lb.
If completed before 12 minutes, add 4 minutes to the clock and proceed to:
25 toes-to-bars
50 double-unders
9 squat cleans, 275 lb.
If completed before 16 minutes, add 4 minutes to the clock and proceed to:
25 toes-to-bars
50 double-unders
7 squat cleans, 315 lb.
Stop at 20 minutes.",,,https://games-assets.crossfit.com/19-2-2019Open_Trifecta-kjeu762b3hd.pdf,,,,,,,"This workout begins with the athlete standing under the pull-up bar. After the call of “3, 2, 1 ... go,” the athlete will have 8 minutes to perform 25 toes-to-bars, followed by 50 double-unders and 15 squat cleans, then perform 25 toes-to-bars, 50 double-unders and 13 squat cleans, this time at a heavier weight. If the athlete does not complete all 178 repetitions within 8 minutes, their workout is over. The athlete will stop and record their score.
If all 178 repetitions are completed within the 8-minute window, the athlete will earn an additional 4 minutes to perform another 25 toes-to-bars, 50 double-unders and 11 squat cleans, again at a heavier weight. If all 264 repetitions (90 from round 1, plus 88 from round 2, plus 86 from round 3) are completed by the 12-minute mark, the athlete will begin another round and the time cap will be extended by an additional 4 minutes. Each round, the weight of the clean will increase while the reps of the clean decrease.
Once a round is completed, the athlete may immediately begin the next round. The athlete does not need to wait for the 4-minute round to end before moving on to the next round.
This pattern of earning additional time will continue for up to 20 minutes, as long as a full round is completed before the next cutoff.
This workout is over when the athlete fails to complete all the repetitions within the cutoff time for that round. The final round ends at the 20-minute mark. The athlete’s score is the number of repetitions completed up to their cutoff time.
In this workout, another person may assist the athlete in changing the plates on the barbell during the workout, or multiple barbells may be used. Collars must be placed on the outside of all the plates on any bar used during the workout.","The scoring for this workout includes a tiebreak. At the end of each set of double-unders, time should be marked. When you submit your final result, your score will be the number of reps completed. There will be another field where you will enter the elapsed time at which you completed your last set of double-unders. In the case where two athletes have the same score (total number of reps), the athlete with the lower tiebreak will be ranked higher.
If all 5 rounds are completed in under 20 minutes, your score is the total time it takes you to complete the workout.
Note: All tiebreak times must be reported in elapsed time, not in time remaining.
Do not use a countdown timer.","Pull-up bar
Jump rope
Barbell
Collars
Plates to load to the appropriate weight for your division*
*The official weight is in pounds. For your convenience, the minimum acceptable weights in kilograms are 20 kg (45 lb.), 25 kg (55 lb.), 29 kg (65 lb.), 34 kg (75 lb.), 38 kg (85 lb.), 43 kg (95 lb.), 47 kg (105 lb.), 52 kg (115 lb.), 56 kg (125 lb.), 61 kg (135 lb.), 65 kg (145 lb.), 70 kg (155 lb.), 79 kg (175 lb.), 83 kg (185 lb.), 93 kg (205 lb.), 102 kg (225 lb.), 124 kg (275 lb.) and 142 kg (315 lb.).
For each workout, be sure the athlete has adequate space to safely complete all the movements. Clear the area of all extra equipment, people or other obstructions.
Any athlete who in any way alters the equipment or movements described in this document or shown in the workout standards video may be disqualified from the competition.",https://games.crossfit.com/workouts/open/2019/2
Open,2019,3,19.3,,,,"For time:
200-ft. dumbbell overhead lunge
50 dumbbell box step-ups
50 strict handstand push-ups
200-ft. handstand walk
50-lb. dumbbell, 24-in. box
Time cap: 10 minutes",Time cap: 10 minutes,,https://games-assets.crossfit.com/2019-sdfoiwwe09835.pdf,,,,,,,"Prior to starting this workout, the athlete will need to mark a starting point on the floor, then measure out no more than 25 feet and make another mark on the floor at the finishing point. Additionally, marks must be made every 5 feet to create sections, each of which represents 1 rep of the lunge and handstand walk.
A box measuring 36 inches wide and 24 inches deep also must be marked on the floor in front of the wall where strict handstand push-ups will be performed.
This workout begins with the dumbbell on the floor and the athlete standing tall. After the call of “3, 2, 1 ... go,” the athlete will pick up a single dumbbell and lunge with it overhead for 200 feet. The athlete then will perform 50 dumbbell box step-ups with one dumbbell. After completion of the dumbbell box step-ups, the athlete will perform strict handstand push-ups. Once 50 strict handstand push-ups are completed, the athlete will handstand walk for 200 feet.
The athlete’s score will be the time it takes to complete the workout or the total number of repetitions completed before the 10-minute time cap.
To see CrossFit Games Head Judge Adrian Bozman's three critical tips for judging strict handstand push-ups in 19.3,
click here.","The scoring for this workout includes a tiebreak. The athlete’s time after completing the final box step-up will be used as a tiebreak time. Another tiebreak time will be recorded after the final handstand push-up is completed. When you submit your final result, your score will be the number of reps completed. There will be another field where you will enter the elapsed time at which you completed either your final box step-up or your final handstand push-up. In the case where two athletes have the same score (total number of reps), the athlete with the lower tiebreak time will be ranked higher.
If the entire workout is completed in under 10 minutes, your score is the total time it takes you to complete the workout.
Note: All tiebreak times must be reported in elapsed time, not in time remaining.
Do not use a countdown timer.","Dumbbell of appropriate weight for your division*†
Box of appropriate height for your division (the top of the box must be at least 15-by-15 inches)
Measuring tape
Floor marks for the strict handstand push-up box
Floor marks for the single-arm overhead walking lunge and handstand walk
*Kilogram dumbbells may not be used by athletes competing in the U.S. or Canada. If you are using adjustable dumbbells, the largest plates allowed are standard-sized 10-lb. (5 kg) metal change plates (9 inches in diameter). When the dumbbell is at rest, the bottom of the handle cannot be more than 4 inches off the ground. Any athletes using an unconventional or unmarked dumbbell will need to confirm the weight of the dumbbell on a scale and clearly show the height of the handle with a ruler or measuring tape in their video submission. Kettlebells, fat bells or other non-traditional dumbbells are not allowed.
†The official weight is in pounds. For your convenience, the minimum acceptable weights in kilograms are 22.5 kg (50 lb.), 15 kg (35 lb.), 10 kg (20 lb.) and 5 kg (10 lb.).
If gym space is limited and a 25-foot lunge and handstand walk area is not available, athletes will be permitted to lunge back and forth in a smaller area so long as the 5-foot intervals still can be seen clearly.
For each workout, be sure the athlete has adequate space to safely complete all the movements. Clear the area of all extra equipment, people or other obstructions.
Any athlete who in any way alters the equipment or movements described in this document or shown in the workout standards video may be disqualified from the competition.",https://games.crossfit.com/workouts/open/2019/3
Open,2019,4,19.4,,,,"For total time:
3 rounds of:
10 snatches
12 bar-facing burpees
Then, rest 3 minutes before continuing with:
3 rounds of:
10 bar muscle-ups
12 bar-facing burpees
Men snatch 95 lb.
Time cap: 12 minutes",Time cap: 12 minutes,,https://games-assets.crossfit.com/19-4-asodifwehfwo948.pdf,,,,,,,"Prior to starting this workout, the athlete will need to set up a barbell, with standard plates, to jump over during the burpees. This workout begins with the barbell on the floor and the athlete standing tall. After the call of “3, 2, 1 … go,” the athlete may perform 10 snatches and 12 bar-facing burpees for 3 rounds. Upon completion of the first couplet, the athlete MUST rest 3 minutes while the clock continues to run. The athlete then may continue to the second portion of the workout: 3 rounds of 10 bar muscle-ups and 12 bar-facing burpees.
The athlete’s score will be the total time it takes to complete the entire workout or the total number of repetitions completed before the 12-minute time cap.
If the athlete doesn't complete the first couplet until after the 9-minute mark, their workout is over. In this case, the athlete’s score will be 66 reps (with a tiebreak time).","This workout includes a tiebreak. If all 132 reps are completed prior to the 12-minute time cap, your score will be your total time, and there will be no tiebreaker. However, if you are not able to complete the entire workout in the allotted time, a tiebreaker will be factored into your final score. During the workout, be sure to note your time at the end of the final burpee in the first couplet. When you submit your score, there will be a space for your final rep count and an additional field for you to enter the elapsed time at which you completed your last full set of bar-facing burpees in the first half of the workout. In the case where two athletes have the same score (total number of reps), the athlete with the lower tiebreak time will be ranked higher.
Note: All tiebreak times must be reported in elapsed time, not in time remaining.
Do not use a countdown timer.","Barbell
Standard bumper plates (18-in. diameter) to load to the appropriate weight for your division*
Collars
Pull-up bar
*The official weight is in pounds. For your convenience, the minimum acceptable weights in kilograms are 43 kg (95 lb.), 29 kg (65 lb.), 20 kg (45 lb.) and 15 kg (35 lb.).
For each workout, be sure the athlete has adequate space to safely complete all the movements. Clear the area of all extra equipment, people or other obstructions.
Any athlete who in any way alters the equipment or movements described in this document or shown in the workout standards video may be disqualified from the competition.",https://games.crossfit.com/workouts/open/2019/4
Open,2019,5,19.5,,,,"33-27-21-15-9 reps for time of:
95-lb. thrusters
Chest-to-bar pull-ups
Time cap: 20 minutes",Time cap: 20 minutes,,https://games-assets.crossfit.com/Open-19-5-sdofiw0vnGT.pdf,,,,,,,"This workout begins with the barbell on the floor and the athlete standing tall. After the call of “3, 2, 1 … go,” the athlete may perform 33 thrusters, then 33 chest-to-bar pull-ups. The athlete will repeat this couplet, performing 27 thrusters and 27 chest-to-bar pull-ups, 21 and 21, 15 and 15, and finally 9 and 9.
The athlete’s score will be the total time it takes to complete the entire workout or the total number of repetitions completed before the 20-minute time cap.",,"Barbell
Plates to load to the appropriate weight for your division*
Collars
Pull-up bar
*The official weight is in pounds. For your convenience, the minimum acceptable weights in kilograms are 43 kg (95 lb.), 29 kg (65 lb.), 20 kg (45 lb.) and 15 kg (35 lb.).
For each workout, be sure the athlete has adequate space to safely complete all the movements. Clear the area of all extra equipment, people or other obstructions.
Any athlete who in any way alters the equipment or movements described in this document or shown in the workout standards video may be disqualified from the competition.",https://games.crossfit.com/workouts/open/2019/5
Open,2020,1,20.1,,,,"WORKOUT 20.1
WORKOUT VARIATIONS
10 rounds for time of:
8 ground-to-overheads
10 bar-facing burpees
♀ 65 lb. ♂ 95 lb.
Time cap: 15 minutes
Rx’d (Rx’d Ages 16-54)
♀ 65 lb.
♂ 95 lb.
Scaled (Scaled Ages 16-54)
♀ 45 lb., may step over bar on burpees
♂ 65 lb., may step over bar on burpees
Teenagers 14-15
♀ 45 lb.
♂ 65 lb.
Scaled Teenagers 14-15
♀ 35 lb., may step over bar on burpees
♂ 45 lb., may step over bar on burpees
Masters 55+
♀ 45 lb.
♂ 65 lb.
Scaled Masters 55+
♀ 35 lb., may step over bar on burpees
♂ 45 lb., may step over bar on burpees",Time cap: 15 minutes,"♀ 65 lb. ♂ 95 lb.
♀ 65 lb.
♂ 95 lb.
♀ 45 lb., may step over bar on burpees
♂ 65 lb., may step over bar on burpees
♀ 45 lb.
♂ 65 lb.
♀ 35 lb., may step over bar on burpees
♂ 45 lb., may step over bar on burpees",https://games-assets.crossfit.com/asdofi349854kjsd_0.pdf,,,,,,,"Prior to starting the workout, the athlete will need to set up a barbell, with standard plates, to jump over during the burpees. This workout begins with the barbell on the floor and the athlete standing tall. After the call of “3, 2, 1… go,” the athlete may pick up the barbell and perform 8 ground-to-overheads then 10 bar-facing burpees for 10 rounds.
The athlete’s score will be the total time it takes to complete the entire workout or the total number of repetitions completed before the 15-minute time cap.
There is no tiebreak for this workout.",,"Barbell(s)
Standard bumper plates (18-inch diameter) to load barbell for burpee
Collars to secure the plates on the barbell
Plates to load to the appropriate weight for your division*
*The official weight is in pounds. For your convenience, the minimum acceptable weights in kilograms are 43 kg (95 lb.), 29 kg (65 lb.), 20 kg (45 lb.), and 15 kg (35 lb.).
For each workout, be sure the athlete has adequate space to safely complete all the movements. Clear the area of all extra equipment, people, or other obstructions.
Any athlete who in any way alters the equipment or movements described in this document or shown in the workout standards video may be disqualified from the competition.",https://games.crossfit.com/workouts/open/2020/1
Open,2020,2,20.2,,,,"Complete as many rounds as possible in 20 minutes of:
4 dumbbell thrusters
6 toes-to-bars
24 double-unders
50-lb. dumbbells",,,https://games-assets.crossfit.com/dofigj0349.pdf,,,,,,,"This workout begins with the dumbbells on the floor and the athlete standing tall. After the call of “3, 2, 1 … go,” the athlete may begin performing thrusters. After 4 reps of thrusters are completed, the athlete will advance to a pull-up bar to perform toes-to-bars. After 6 reps of toes-to-bars are completed, the athlete will move to a jump rope and complete 24 double-unders before returning to the thrusters for the next round.
The athlete’s score will be the total number of repetitions completed before the 20-minute time cap.
There is no tiebreak for this workout.",,"Pull-up bar
Jump rope
Dumbbells of the appropriate weight for your division*
*The official weight is in pounds. For your convenience, the minimum acceptable weights in kilograms are 22.5 kg (50 lb.), 15 kg (35 lb.), 10 kg (20 lb.), and 7.5 kg (15 lb.).
For each workout, be sure the athlete has adequate space to safely complete all the movements. Clear the area of all extra equipment, people, or other obstructions.
Any athlete who in any way alters the equipment or movements described in this document or shown in the workout standards video may be disqualified from the competition.",https://games.crossfit.com/workouts/open/2020/2
Open,2020,3,20.3,,,,"For time:
21 deadlifts, 225 lb.
21 handstand push-ups
15 deadlifts, 225 lb.
15 handstand push-ups
9 deadlifts, 225 lb.
9 handstand push-ups
21 deadlifts, 315 lb.
50-ft. handstand walk
15 deadlifts, 315 lb.
50-ft. handstand walk
9 deadlifts, 315 lb.
50-ft. handstand walk
Time cap: 9 min.",Time cap: 9 min.,,https://games-assets.crossfit.com/fhwiuea1osidf0923fl.pdf,,,,,,,"Prior to starting the workout, the athlete will need to mark a line on the wall for the handstand push-ups (details in Movement Standards section). Lengths on the floor will also need to be measured and marked for the handstand walk.
This workout begins with the barbell on the floor and the athlete standing tall. After the call of “3, 2, 1 … go,” the athlete may perform 21 deadlifts, then move to the wall for 21 handstand push-ups, then complete 15 deadlifts and 15 handstand push-ups, then 9 deadlifts and 9 handstand push-ups.
The athlete may then move on to the heavier barbell to complete 21 deadlifts, a 50-ft. handstand walk, 15 deadlifts, another 50-ft. handstand walk, and finally, 9 deadlifts and a third 50-ft. handstand walk.
The athlete’s score will be the time it takes to complete the workout or the total number of repetitions completed before the 9-minute time cap. Each completed 5-foot section of the handstand walk will count as 1 rep.","This workout includes a tiebreak. If the athlete completes the entire workout prior to the 9-minute time cap, their score will be their total time, and there will be no tiebreaker. However, if the athlete is not able to complete the entire workout, note the time at the end of each set of deadlifts. When submitting a score, there will be a space for the final rep count and an additional field to enter the elapsed time at which the athlete completed their last full set of deadlifts. In the case where two athletes have the same score (total number of reps), the athlete with the lower tiebreak time will be ranked higher. Do NOT use a countdown timer.","Barbell
Standard bumper plates (18-inch diameter) to load to the appropriate weights for your division
Collars to secure the plates on the barbell
A heel mark for the handstand push-ups
Floor marks for the handstand walk
*The official weight is in pounds. For your convenience, the minimum acceptable weights in kilograms for the deadlift are 143 kg (315 lb.), 115 kg (255 lb.), 102 kg (225 lb.), 93 kg (205 lb.), 83 kg (185 lb.), 75 kg (165 lb.), 70 kg (155 lb.), 61 kg (135 lb.), 56 kg (125 lb.), 52 kg (115 lb.), 47 kg (105 lb.), 43 kg (95 lb.), 36 kg (80 lb.), 34 kg (75 lb.) 29 kg (65 lb.), and 25 kg (55 lb.).
For each workout, be sure the athlete has adequate space to safely complete all the movements. Clear the area of all extra equipment, people, or other obstructions.
Any athlete who in any way alters the equipment or movements described in this document or shown in the workout standards video may be disqualified from the competition.",https://games.crossfit.com/workouts/open/2020/3
Open,2020,4,20.4,,,,"For time:
30 box jumps, 24 in.
15 clean and jerks, 95 lb.
30 box jumps, 24 in.
15 clean and jerks, 135 lb.
30 box jumps, 24 in.
10 clean and jerks, 185 lb.
30 single-leg squats
10 clean and jerks, 225 lb.
30 single-leg squats
5 clean and jerks, 275 lb.
30 single-leg squats
5 clean and jerks, 315 lb.
Time cap: 20 minutes",Time cap: 20 minutes,,https://games-assets.crossfit.com/2020%20Open_20.4_V6%20%281%29.pdf,,,,,,,"After the call of “3, 2, 1 … go,” the athlete may perform 30 box jumps followed by 15 clean and jerks, then 30 box jumps followed by 15 clean and jerks at a heavier weight, then 30 box jumps followed by 10 clean and jerks, increasing the weight again. Next, the athlete performs 30 single-leg squats followed by 10 clean and jerks, then 30 single-leg squats followed by 5 clean and jerks, and finally, 30 single-leg squats followed by 5 clean and jerks. Again, the weight of the clean and jerk increases each round.
Athletes may set up multiple barbells. If one barbell is used, the athlete may receive assistance changing the load on the bar. Receiving any assistance other than adjusting loading is not permitted unless safety is an immediate concern.","If the athlete completes the entire workout prior to the 20-minute time cap, their score will be their total time, and there will be no tiebreaker.
If the athlete is not able to complete the entire workout in the allotted time, a tiebreaker will be factored into their score. During the workout, be sure to note the athlete’s time at the end of each set of box jumps and single-leg squats. When the athlete submits their score, there will be a space for their final rep count and an additional field for them to enter the elapsed time at which they completed their final rep of box jumps or single-leg squats. In the case where two athletes have the same score (total number of reps), the athlete with the lower tiebreak time will be ranked higher. Do NOT use a countdown timer.","Box of appropriate height for your division (the top of the box must be at least 15-by-15 inches)
Barbell
Standard bumper plates (18-in. diameter) to load to the appropriate weight for your division*
Medicine ball* (scaled divisions)
Collars to secure the plates on the barbell
*The official weight is in pounds. For your convenience, the minimum acceptable weights in kilograms are 6 kg (14 lb.), 9 kg (20 lb.), 15 kg (35 lb.), 20 kg (45 lb.), 25 kg (55 lb.), 29 kg (65 lb.), 34 kg (75 lb.), 38 kg (85 lb.), 43 kg (95 lb.), 47 kg (105 lb.), 52 kg (115 lb.), 56 kg (125 lb.), 61 kg (135 lb.), 65 kg (145 lb.), 70 kg (155 lb.), 79 kg (175 lb.), 83 kg (185 lb.), 93 kg (205 lb.), 102 kg (225 lb.), 124 kg (275 lb.), and 142 kg (315 lb.).
For each workout, be sure the athlete has adequate space to safely complete all the movements. Clear the area of all extra equipment, people, or other obstructions.
Any athlete who in any way alters the equipment or movements described in this document or shown in the workout standards video may be disqualified from the competition.",https://games.crossfit.com/workouts/open/2020/4
Open,2020,5,20.5,,,,"WORKOUT 20.5
WORKOUT VARIATIONS
For time, partitioned any way:
40 muscle-ups
80-cal. row
120 wall-ball shots
♀ 14-lb. ball to 9 ft.
♂ 20-lb. ball to 10 ft.
Time cap: 20 minutes",Time cap: 20 minutes,"♀ 14-lb. ball to 9 ft.
♂ 20-lb. ball to 10 ft.",https://games-assets.crossfit.com/af0s9jfw-v7.pdf,,,,,,,"After the call of “3, 2, 1 … go,” the athlete may perform 40 muscle-ups, 80 calories on the rower, and 120 wall-ball shots. Athletes may perform the movements in any order, and the reps can be divided up in any manner. There are no restrictions on the sequence or combinations of movements, or their corresponding repetitions. The repetitions of one movement do not have to be completed before the athlete can accumulate reps of another movement.
Regardless of where athletes choose to begin the workout, they must start fully standing, not touching any equipment. Only after the call of “3, 2, 1 ... go” may the athlete touch the medicine ball, rower, or rings and begin the workout.","This workout includes a tiebreak. If the athlete completes all 240 reps prior to the 20-minute time cap, their score will be their total time, and there will be no tiebreaker.
If the athlete is not able to complete the entire workout in the allotted time, a tiebreaker will be factored into their final score. Note the time when the athlete completes 80 calories on the rower and 120 wall-ball shots, regardless of how they choose to break up the work. When the athlete submits their score, there will be a space for their final rep count and an additional field for them to enter the elapsed time at which they completed the rowing and wall balls. In the case where two athletes have the same score (total number of reps), the athlete with the lower tiebreak time will be ranked higher. Do NOT use a countdown timer.","Rings
Pull-up bar* (Masters 55+ and scaled divisions only)
Concept2 rower
Medicine ball of appropriate weight for your division*
*The official weight is in pounds. For your convenience, the minimum acceptable weights in kilograms are 9 kg (20 lb.), 6 kg (14 lb.), and 4 kg (10 lb.).
For each workout, be sure the athlete has adequate space to safely complete all the movements. Clear the area of all extra equipment, people, or other obstructions.
Any athlete who in any way alters the equipment or movements described in this document or shown in the workout standards video may be disqualified from the competition.",https://games.crossfit.com/workouts/open/2020/5
Open,2021,1,21.1,,,,"For time:
1 wall walk
10 double-unders
3 wall walks
30 double-unders
6 wall walks
60 double-unders
9 wall walks
90 double-unders
15 wall walks
150 double-unders
21 wall walks
210 double-unders
Time cap: 15 min.",Time cap: 15 min.,,https://games-assets.crossfit.com/s3fs-public/2021-08/CrossFitGames_Rulebook.pdf,,https://s3.amazonaws.com/crossfitpubliccontent/2-Open21-1_ScoreStandards-RxScaledMasters-wnuey63get21.pdf,https://s3.amazonaws.com/crossfitpubliccontent/3-Open21-1_ScoreStandards-Foundations-47ednj763g.pdf,https://s3.amazonaws.com/crossfitpubliccontent/4-Open21-1_ScoreStandards-EquipFree-54sjduye7g23.pdf,,,,,,https://games.crossfit.com/workouts/open/2021/1
Open,2021,2,21.2,,,,"For time:
10 dumbbell snatches
15 burpee box jump-overs
20 dumbbell snatches
15 burpee box jump-overs
30 dumbbell snatches
15 burpee box jump-overs
40 dumbbell snatches
15 burpee box jump-overs
50 dumbbell snatches
15 burpee box jump-overs
50-lb. dumbbell, 24-in. box
Time cap: 20 min.",Time cap: 20 min.,,https://games-assets.crossfit.com/1-CFOpen21too-ComboScorecards-8763hdbhey352d.pdf,,https://s3.amazonaws.com/crossfitpubliccontent/2-RxScaledMast-21-2Open-j873hywgab1dgew9.pdf,https://s3.amazonaws.com/crossfitpubliccontent/3-Foundations-21-2Open-77rhehdbwet53s.pdf,https://s3.amazonaws.com/crossfitpubliccontent/4-EFree-21-2Open-llkdue7ywgbsv10h.pdf,,,,,,https://games.crossfit.com/workouts/open/2021/2
Open,2021,3,21.3,,,,"For total time:
15 front squats
30 toes-to-bars
15 thrusters
Then, rest 1 minute before continuing with:
15 front squats
30 chest-to-bar pull-ups
15 thrusters
Then, rest 1 minute before continuing with:
15 front squats
30 bar muscle-ups
15 thrusters
Workout 21.4 begins immediately upon completing or reaching the time cap for 21.3.
95 lb. for the front squats and thrusters
Time cap: 15 min.",Time cap: 15 min.,,https://games-assets.crossfit.com/1-21-3-Scorecards-ALL-sjnhey653bdge523da_0.pdf,,https://s3.amazonaws.com/crossfitpubliccontent/2-21-3-Scorecards-RxdScaledMasters-sjnhey653bdge523da.pdf,https://s3.amazonaws.com/crossfitpubliccontent/3-21-3-Scorecards-Foundations-sjnhey653bdge523da.pdf,https://s3.amazonaws.com/crossfitpubliccontent/4-21-3-Scorecards-EquipFree-sjnhey653bdge523da.pdf,,,,,,https://games.crossfit.com/workouts/open/2021/3
Open,2021,4,21.4,,,,"For total time:
15 front squats
30 toes-to-bars
15 thrusters
Rest 1 min.
15 front squats
30 chest-to-bar pull-ups
15 thrusters
Rest 1 min.
15 front squats
30 bar muscle-ups
15 thrusters
Workout 21.4 begins immediately upon
completing or reaching the time cap for 21.3.
♀ 65 lb.
♂ 95 lb.
Time cap: 15 min.
WORKOUT VARIATIONS
Rx’d (Ages 16-54)
♀ 65 lb.
♂ 95 lb.
Scaled (Ages 16-54)
♀ 45 lb., *perform hanging knee-raises, then chin-
over-bar pull-ups, then chest-to-bar pull-ups
♂ 65 lb., *perform hanging knee-raises, then chin-
over-bar pull-ups, then chest-to-bar pull-ups
15 FRONT SQUATS 15
30 TOES-TO-BARS 45
15 THRUSTERS 60
REST 1 MINUTE TIME
15 FRONT SQUATS 75
30 CHEST-TO-BAR PULL-UPS 105
15 THRUSTERS 120
REST 1 MINUTE TIME
15 FRONT SQUATS 135
30 BAR MUSCLE-UPS 165
15 THRUSTERS 180
IMMEDIATELY START 21.4 TIME
Teenagers 14-15
♀ 45 lb.
♂ 65 lb.
Scaled Teenagers 14-15
♀ 35 lb., *perform hanging knee-raises, then chin-
over-bar pull-ups, then chest-to-bar pull-ups
♂ 45 lb., *perform hanging knee-raises, then chin-
over-bar pull-ups, then chest-to-bar pull-ups
Masters 55+
♀ 45 lb., *perform toes-to-bars, then chin-over-
bar pull-ups, then chest-to-bar pull-ups
♂ 65 lb., *perform toes-to-bars, then chin-over-
bar pull-ups, then chest-to-bar pull-ups
Scaled Masters 55+
♀ 35 lb., *perform sit-ups, then jumping pull-ups,
then chin-over-bar pull-ups
♂ 45 lb., *perform sit-ups, then jumping pull-ups,
then chin-over-bar pull-ups
SCORECARD (RX’D AND SCALED)
Presented by
© 2021 CrossFit, LLC and CrossFit are registered trademarks, and 3,2,1...Go!, Fittest on Earth and Sport of Fitness are trademarks of CrossFit, LLC. All Rights Reserved.
OPEN WEEK 3
12:00 PT THURSDAY, MARCH 25, THROUGH 17:00 PT MONDAY, MARCH 29
Y / NJudgeWorkout Location
I confirm the information above accurately represents the athlete’s performance for this workout.
I confirm the information above accurately represents the athlete’s performance for this workout.
Judge Name
Athlete Signature
Judge Signature
Date
Date
Athlete Name
Print
Has judge passed CrossFit’s
Online Judges Course?
Athlete Copy
Affiliate Copy
WORKOUT 21.4
Y / NJudgeWorkout Location
Judge Name
Athlete Name
Print
Has judge passed CrossFit’s
Online Judges Course?
Heaviest Load (in Pounds)
Heaviest Load (in Pounds)
WORKOUT 21.4
Complete the following complex for
max load:
1 deadlift
1 clean
1 hang clean
1 jerk
Time begins immediately following the
completion of 21.3.
Time cap: 7 min.
21.3 TO 21.4 TIMING EXAMPLES
21.3 ends add 7 minutes 21.4 ends
10:00 7:00 17:00
11:25 7:00 18:25
12:15 7:00 19:15
LOAD (WEIGHT IN LB.)
ATTEMPT 1
ATTEMPT 2
ATTEMPT 3
ATTEMPT 4
ATTEMPT 5
ATTEMPT 6
ATTEMPT 7
ATTEMPT 8
ATTEMPT 9
ATTEMPT 10
21.3 Time or Reps (for Tiebreak)
21.3 Time or Reps (for Tiebreak)
SCORECARD (FOUNDATIONS)
© 2021 CrossFit, LLC and CrossFit are registered trademarks, and 3,2,1...Go!, Fittest on Earth and Sport of Fitness are trademarks of CrossFit, LLC. All Rights Reserved.
OPEN WEEK 3
12:00 PT THURSDAY, MARCH 25, THROUGH 17:00 PT MONDAY, MARCH 29
3resented by
Y / NJudgeWorkout Location
I confirm the information above accurately represents the athlete’s performance for this workout.
I confirm the information above accurately represents the athlete’s performance for this workout.
-udge 1ame
Athlete 6ignature
-udge 6ignature
Date
Date
Athlete Name
Print
+as Mudge passed CrossFit’s
2nline -udges Course""
Athlete Copy
Affiliate Copy
WORKOUT 21.3 - FOUNDATIONS Time OR Reps at 15 Minutes
Y / NJudgeWorkout Location
-udge 1ame
Athlete Name
Print
+as Mudge passed CrossFit’s
2nline -udges Course""
Time OR Reps at 15 Minutes
WORKOUT 21.3 - FOUNDATIONS
For total time
15 air squats
30 sit-ups
15 thrusters with stick
5est 1 min.
15 air squats
30 dumbbell rows, 10 lb.
15 left, 15 right
15 thrusters with stick
5est 1 min.
15 air squats
30 push-ups
15 thrusters with stick
1. begins immediately upon completing
or reaching the time cap for 1.3.
To modify the squat and thruster, complete a sit-to-
stand from a chair.
To modify the sit-up, reduce the range of motion and
touch the knees.
Instead of a dumbbell, you can use a household object
for the dumbbell row.
If you have two dumbbells, you can complete the rows
with both hands at the same time.
To modify the push-up, perform from the knees or
elevate the hands.
Time cap: 15 min.
15 AIR SQUATS
15
30 SIT-UPS
45
15 THRUSTERS
60
REST 1 MINUTE TIME
15 AIR SQUATS
75
30 DUMBBELL ROWS
(15 LEFT, 15 RIGHT) 105
15 THRUSTERS
120
REST 1 MINUTE TIME
15 AIR SQUATS
135
30 PUSH-UPS
165
15 THRUSTERS
180
IMMEDIATELY START 21.4 TIME
Tiebreak Time
Tiebreak Time
SCORECARD (FOUNDATIONS)
Presented by
© 2021 CrossFit, LLC and CrossFit are registered trademarks, and 3,2,1...Go!, Fittest on Earth and Sport of Fitness are trademarks of CrossFit, LLC. All Rights Reserved.
OPEN WEEK 3
12:00 PT THURSDAY, MARCH 25, THROUGH 17:00 PT MONDAY, MARCH 29
Y / NJudgeWorkout Location
I confirm the information above accurately represents the athlete’s performance for this workout.
I confirm the information above accurately represents the athlete’s performance for this workout.
Judge Name
Athlete Signature
Judge Signature
Date
Date
Athlete Name
Print
Has judge passed CrossFit’s
Online Judges Course?
Athlete Copy
Affiliate Copy
WORKOUT 21.4 - FOUNDATIONS
Y / NJudgeWorkout Location
Judge Name
Athlete Name
Print
Has judge passed CrossFit’s
Online Judges Course?
21.3 TO 21.4 TIMING EXAMPLES
21.3 ends 21.4 starts 21.4 ends
10:00 10:00 17:00
13:30 13:30 20:30
14:25 14:25 21:25
15:00 15:00 22:00
WORKOUT 21.4 - FOUNDATIONS
Complete the complex for load and
technique:
1 deadlift
1 clean
1 hang clean
1 push press
Time begins immediately following the
completion of 21.3.
Start with the stick and only add load if
technique is sound.
If performing this workout without a coach,
err on the side of safety and don’t worry
about adding load as you go.
Time cap: 7 min.
LOAD (WEIGHT IN LB.)
ATTEMPT 1
ATTEMPT 2
ATTEMPT 3
ATTEMPT 4
ATTEMPT 5
ATTEMPT 6
ATTEMPT 7
ATTEMPT 8
ATTEMPT 9
ATTEMPT 10
Heaviest Load (in pounds)
Heaviest Load (in pounds)
21.3 Time or Reps (for Tiebreak)
21.3 Time or Reps (for Tiebreak)
SCORECARD (EQUIPMENT FREE)
© 2021 CrossFit, LLC and CrossFit are registered trademarks, and 3,2,1...Go!, Fittest on Earth and Sport of Fitness are trademarks of CrossFit, LLC. All Rights Reserved.
OPEN WEEK 3
12:00 PT THURSDAY, MARCH 25, THROUGH 17:00 PT MONDAY, MARCH 29
Presented by
Y / NJudgeWorkout Location
I confirm the information above accurately represents the athlete’s performance for this workout.
I confirm the information above accurately represents the athlete’s performance for this workout.
Judge Name
Athlete Signature
Judge Signature
Date
Date
Athlete Name
Print
Has judge passed CrossFit’s
Online Judges Course?
Athlete Copy
Affiliate Copy
WORKOUT 21.3 - EQUIPMENT FREE Time OR Reps at 15 Minutes
Y / NJudgeWorkout Location
Judge Name
Athlete Name
Print
Has judge passed CrossFit’s
Online Judges Course?
Time OR Reps at 15 Minutes
Tiebreak Time
Tiebreak Time
WORKOUT 21.3
EQUIPMENT FREE 30 AIR SQUATS
30
30 V-UPS
60
30 THRUSTERS
90
REST 1 MIN. TIME
30 AIR SQUATS
120
30 DIPS
150
30 THRUSTERS
180
REST 1 MIN. TIME
30 AIR SQUATS
210
30 HANDSTAND PUSH-UPS
240
30 THRUSTERS
270
REST 2 MIN. THEN START 21.4 TIME
For total time:
30 air squats
30 V-ups
30 thrusters with a stick or PVC pipe
Rest 1 min.
30 air squats
30 dips
30 thrusters with a stick or PVC pipe
Rest 1 min.
30 air squats
30 handstand push-ups
30 thrusters with a stick or PVC pipe
Rest 2 min. before beginning 21.4.
21.4 begins exactly 2 min. after
completing or reaching the time cap
for 21.3.
Time cap: 15 min.
SCORECARD (EQUIPMENT FREE)
Presented by
© 2021 CrossFit, LLC and CrossFit are registered trademarks, and 3,2,1...Go!, Fittest on Earth and Sport of Fitness are trademarks of CrossFit, LLC. All Rights Reserved.
OPEN WEEK 3
12:00 PT THURSDAY, MARCH 25, THROUGH 17:00 PT MONDAY, MARCH 29
Y / NJudgeWorkout Location
I confirm the information above accurately represents the athlete’s performance for this workout.
I confirm the information above accurately represents the athlete’s performance for this workout.
Judge Name
Athlete Signature
Judge Signature
Date
Date
Athlete Name
Print
Has judge passed CrossFit’s
Online Judges Course?
Athlete Copy
Affiliate Copy
WORKOUT 21.4 - EQUIPMENT FREE
Y / NJudgeWorkout Location
Judge Name
Athlete Name
Print
Has judge passed CrossFit’s
Online Judges Course?
20 ALTERNATING
SINGLE-LEG SQUATS
20 ALTERNATING
SHOULDER TAPS
ROUND 1
20 40
ROUND 2
60 80
ROUND 3
100 120
ROUND 4
140 160
ROUND 5
180 200
ROUND 6 220 240
ROUND 7
260 280
ROUND 8
300 320
ROUND 9
340 360
ROUND 10
380 400
WORKOUT 21.4 - EQUIPMENT FREE
Starting exactly 2 min. after 21.3,
complete the following:
As many rounds and reps as possible
in 5 min. of:
20 alternating single-leg squats
20 alternating shoulder taps in a
freestanding handstand
21.3 TO 21.4 TIMING EXAMPLES
21.3 ends
Rest 2 minutes
21.4 starts 21.4 ends
8:00 10:00 15:00
9:00 11:00 16:00
10:00 12:00 17:00
11:00 13:00 18:00
12:00 14:00 19:00
13:00 15:00 20:00
14:00 16:00 21:00
15:00 17:00 22:00
Reps at 5 Minutes
Reps at 5 Minutes
21.3 Time or Reps (for Tiebreak)
21.3 Time or Reps (for Tiebreak)
SCORECARD (ADAPTIVE)
© 2021 CrossFit, LLC and CrossFit are registered trademarks, and 3,2,1...Go!, Fittest on Earth and Sport of Fitness are trademarks of CrossFit, LLC. All Rights Reserved.
OPEN WEEK 3
12:00 PT THURSDAY, MARCH 25, THROUGH 17:00 PT MONDAY, MARCH 29
Presented by
Y / NJudgeWorkout Location
I confirm the information above accurately represents the athlete’s performance for this workout.
I confirm the information above accurately represents the athlete’s performance for this workout.
Judge Name
Athlete Signature
Judge Signature
Date
Date
Athlete Name
Print
Has judge passed CrossFit’s
Online Judges Course?
Athlete Copy
Affiliate Copy
WORKOUT 21.3 - ADAPTIVE - UPPER EXTREMITY Time OR Reps at 15 Minutes
Y / NJudgeWorkout Location
Judge Name
Athlete Name
Print
Has judge passed CrossFit’s
Online Judges Course?
Time OR Reps at 15 Minutes
Tiebreak Time
Tiebreak Time
15 SINGLE-DUMBBELL
FRONT SQUATS 15
30 V-UPS
45
15 SINGLE-DUMBBELL
THRUSTERS 60
REST 1 MINUTE TIME
15 SINGLE-DUMBBELL
FRONT SQUATS 75
30 JUMPING
PULL-UPS 105
15 SINGLE-DUMBBELL
THRUSTERS 120
REST 1 MINUTE TIME
15 SINGLE-DUMBBELL
FRONT SQUATS 135
30
JUMPING
CHEST-TO- BAR
PULL-UPS 165
15 SINGLE-DUMBBELL
THRUSTERS 180
IMMEDIATELY START 21.4 TIME
WORKOUT 21.3
ADAPTIVE - UPPER EXTREMITY
For total time:
15 single-dumbbell front squats
30 V-ups
15 single-dumbbell thrusters
Rest 1 min.
15 single-dumbbell front squats
30 jumping pull-ups
15 single-dumbbell thrusters
Rest 1 min.
15 single-dumbbell front squats
30 jumping chest-to-bar pull-ups
15 single-dumbbell thrusters
21.4 begins immediately upon completing
or reaching the time cap for 21.3.
♀20-lb. dumbbell
♂35-lb. dumbbell
Time cap: 15 min.
SCORECARD (ADAPTIVE)
Presented by
© 2021 CrossFit, LLC and CrossFit are registered trademarks, and 3,2,1...Go!, Fittest on Earth and Sport of Fitness are trademarks of CrossFit, LLC. All Rights Reserved.
OPEN WEEK 3
12:00 PT THURSDAY, MARCH 25, THROUGH 17:00 PT MONDAY, MARCH 29
Y / NJudgeWorkout Location
I confirm the information above accurately represents the athlete’s performance for this workout.
I confirm the information above accurately represents the athlete’s performance for this workout.
Judge Name
Athlete Signature
Judge Signature
Date
Date
Athlete Name
Print
Has judge passed CrossFit’s
Online Judges Course?
Athlete Copy
Affiliate Copy
WORKOUT 21.4 - ADAPTIVE - UPPER EXTREMITY
Y / NJudgeWorkout Location
Judge Name
Athlete Name
Print
Has judge passed CrossFit’s
Online Judges Course?
Heaviest Load (in Pounds)
Heaviest Load (in Pounds)
21.3 TO 21.4 TIMING EXAMPLES
21.3 ends add 7 minutes 21.4 ends
10:00 7:00 17:00
11:25 7:00 18:25
12:15 7:00 19:15
LOAD (WEIGHT IN LB.)
ATTEMPT 1
ATTEMPT 2
ATTEMPT 3
ATTEMPT 4
ATTEMPT 5
ATTEMPT 6
ATTEMPT 7
ATTEMPT 8
ATTEMPT 9
ATTEMPT 10
21.3 Time or Reps (for Tiebreak)
21.3 Time or Reps (for Tiebreak)
WORKOUT 21.4
ADAPTIVE - UPPER EXTREMITY
Complete the following for max
load:
4-rep-max back squat
Time begins immediately following the
completion of 21.3.
Time cap: 7 min.",Time cap: 15 min.,"♀ 65 lb.
♂ 95 lb.
♀ 45 lb., *perform hanging knee-raises, then chin-
♂ 65 lb., *perform hanging knee-raises, then chin-
♀ 45 lb.
♂ 65 lb.
♀ 35 lb., *perform hanging knee-raises, then chin-
♂ 45 lb., *perform hanging knee-raises, then chin-
♀ 45 lb., *perform toes-to-bars, then chin-over-
♂ 65 lb., *perform toes-to-bars, then chin-over-
♀ 35 lb., *perform sit-ups, then jumping pull-ups,
♂ 45 lb., *perform sit-ups, then jumping pull-ups,
30 dumbbell rows, 10 lb.
♀20-lb. dumbbell
♂35-lb. dumbbell",https://games-assets.crossfit.com/1-21-3-Scorecards-ALL-sjnhey653bdge523da.pdf,,https://s3.amazonaws.com/crossfitpubliccontent/2-21-3-Scorecards-RxdScaledMasters-sjnhey653bdge523da.pdf,https://s3.amazonaws.com/crossfitpubliccontent/3-21-3-Scorecards-Foundations-sjnhey653bdge523da.pdf,https://s3.amazonaws.com/crossfitpubliccontent/4-21-3-Scorecards-EquipFree-sjnhey653bdge523da.pdf,,,,,,https://games.crossfit.com/workouts/open/2021/4
Open,2022,1,22.1,,,,"Complete as many rounds as possible in 15 minutes of:
3 wall walks
12 dumbbell snatches
15 box jump-overs
35-lb dumbbell, 20-in box",,,https://games-assets.crossfit.com/s3fs-public/2022-02/CFG22%2022.1%20Scorecard_Rx-Scaled_V10.pdf,,https://s3.amazonaws.com/crossfitpubliccontent/CFG22-1_Scorecard8435_Rx-Scaled-sn77ehdys-3e.pdf,https://s3.amazonaws.com/crossfitpubliccontent/CFG22-1_Scorecard8435_Foundations-sn77ehdys-3e.pdf,,,,,,,https://games.crossfit.com/workouts/open/2022/1
Open,2022,2,22.2,,,,"1-2-3-4-5-6-7-8-9-10-9-8-7-6-5-4-3-2-1 reps for time of:
Deadlifts
Bar-facing burpees
155-lb barbell
Time cap: 10 minutes",Time cap: 10 minutes,,https://games-assets.crossfit.com/s3fs-public/2022-03/CFG22%2022.2%20Scorecard_Rx-Scaled_V8.pdf,,https://s3.amazonaws.com/crossfitpubliccontent/Open-22-2-cArd_ienhd763w5dgt_Rx-Scaled.pdf,https://s3.amazonaws.com/crossfitpubliccontent/Open-22-2-cArd_ienhd763w5dgt_Foundations.pdf,,,,,,,https://games.crossfit.com/workouts/open/2022/2
Open,2022,3,22.3,,,,"For time:
21 pull-ups
42 double-unders
21 thrusters (weight 1)
18 chest-to-bar pull-ups
36 double-unders
18 thrusters (weight 2)
15 bar muscle-ups
30 double-unders
15 thrusters (weight 3)
65 lb, then 75 lb, then 85 lb
Time cap: 12 minutes",Time cap: 12 minutes,,https://games-assets.crossfit.com/s3fs-public/2022-03/CFG22_22.3_Scorecard_Rx-Scaled_asodifnsoidnf.pdf,,https://s3.amazonaws.com/crossfitpubliccontent/Open22three-Scorecard-dhn763wgSdr_Rx-Scaled.pdf,https://s3.amazonaws.com/crossfitpubliccontent/Open22three-Scorecard-dhn763wgSdr_Foundations.pdf,,,,,,,https://games.crossfit.com/workouts/open/2022/3
Open,2023,1,23.1,,,,"Complete as many reps as possible in 14 minutes of:
60-calorie row
50 toes-to-bars
40 wall-ball shots
30 cleans
20 muscle-ups
♀
14-lb ball to 9-ft target, 95-lb cleans
♂
20-lb ball to 10-ft target, 135-lb cleans",,"♀
14-lb ball to 9-ft target, 95-lb cleans
♂
20-lb ball to 10-ft target, 135-lb cleans",https://games-assets.crossfit.com/s3fs-public/2023-02/CFG23%2023.1%20Scorecard_Rx-Scaled_ca9s8cn9w.pdf,,https://games-assets.crossfit.com/s3fs-public/2023-02/CFG23%2023.1%20Scorecard_Rx-Scaled_ca9s8cn9w.pdf,https://games-assets.crossfit.com/s3fs-public/2023-02/CFG23%2023.1%20Scorecard_Foundations_9f83h94.pdf,,,,,,,https://games.crossfit.com/workouts/open/2023/1
Open,2023,2,23.2,,,,"Complete as many reps as possible in 15 minutes of:
5 burpee pull-ups
10 shuttle runs (1 rep = 25 ft out/25 ft back)
*Add 5 burpee pull-ups after each round.
23.2B:
Immediately following 23.2A, athletes will have 5 minutes to establish:
1-rep-max thruster (from the floor)",,,https://games-assets.crossfit.com/s3fs-public/2023-02/CFG23%2023.2%20Scorecard_Rx-Scaled_98tuyftf.pdf,,https://games-assets.crossfit.com/s3fs-public/2023-02/CFG23%2023.2%20Scorecard_Rx-Scaled_98tuyftf.pdf,https://games-assets.crossfit.com/s3fs-public/2023-02/CFG23%2023.2%20Scorecard_Foundations_98giuyf.pdf,,,,,,,https://games.crossfit.com/workouts/open/2023/2
Open,2023,3,23.3,,,,"complete as many reps as possible of:
5 wall walks
50 double-unders
15 snatches (weight 1)
5 wall walks
50 double-unders
12 snatches (weight 2)
*If completed before the 6-minute time
cap, add 3 minutes to the time cap and
complete:
20 strict handstand push-ups
50 double-unders
9 snatches (weight 3)
*If completed before the 9-minute time
cap, add 3 minutes to the time cap and
complete:
20 strict handstand push-ups
50 double-unders
6 snatches (weight 4)
♀65 lb, 95 lb, 125 lb, 155 lb
♂95 lb, 135 lb, 185 lb, 225 lb",,"♀65 lb, 95 lb, 125 lb, 155 lb
♂95 lb, 135 lb, 185 lb, 225 lb",https://games-assets.crossfit.com/s3fs-public/2023-03/CFG23%2023.3%20Scorecard_Rx-Scaled_298h4f92.pdf,,https://games-assets.crossfit.com/s3fs-public/2023-03/CFG23%2023.3%20Scorecard_Rx-Scaled_298h4f92.pdf,https://games-assets.crossfit.com/s3fs-public/2023-03/CFG23%2023.3%20Scorecard_Foundations_f9384hf9.pdf,,,,,,,https://games.crossfit.com/workouts/open/2023/3
Open,2024,1,24.1,,,,"For time:
21 dumbbell snatches, arm 1
21 lateral burpees over dumbbell
21 dumbbell snatches, arm 2
21 lateral burpees over dumbbell
15 dumbbell snatches, arm 1
15 lateral burpees over dumbbell
15 dumbbell snatches, arm 2
15 lateral burpees over dumbbell
9 dumbbell snatches, arm 1
9 lateral burpees over dumbbell
9 dumbbell snatches, arm 2
9 lateral burpees over dumbbell
*Time cap: 15 minutes
♀ 35-lb (15-kg) dumbbell
♂ 50-lb (22.5-kg) dumbbell",*Time cap: 15 minutes,"♀ 35-lb (15-kg) dumbbell
♂ 50-lb (22.5-kg) dumbbell",https://games-assets.crossfit.com/s3fs-public/2024-02/CFG24%20Open%2024.1%20Scorecard_aosdifw0.pdf,,https://games-assets.crossfit.com/s3fs-public/2024-02/CFG24%20Open%2024.1%20Scorecard_aosdifw0.pdf,https://games-assets.crossfit.com/s3fs-public/2024-02/CFG24%20Open%2024.1%20Scorecard_Foundations_asodivnsoidn.pdf,,,"Start standing tall with your back to the dumbbell.
After the call of “Go,” pick up the dumbbell and complete 21 dumbbell snatches with one arm.
Then complete 21 lateral burpees over the dumbbell.
Next, complete 21 dumbbell snatches with your other arm.
Then complete another 21 lateral burpees over the dumbbell.
Repeat this sequence for 15 reps and then 9 reps of each movement.
Time stops after the final burpee when both feet touch the ground on the opposite side of the dumbbell.
Your score will be the total time it takes to complete all reps or the number of reps completed within the 15-minute time cap.","You may start the rounds of 15 and 9 snatches with either arm.
You may NOT switch arms in the middle of a set of snatches.
There is no required floor plan for this workout.
Record the time after completing the round of 21s and then again after completing the round of 15s. If you do not complete the workout before the time cap, one of these is your tiebreak time. The athlete who completed the previous section faster wins the tie.
If the workout is completed before the time cap, there is no tiebreak.
Gymnastics grips are NOT allowed during this workout.",,1 dumbbell,https://games.crossfit.com/workouts/open/2024/1
Open,2024,2,24.2,,,,"Start seated on the rower with hands off the paddle.
At the call of “Go,” row 300 meters.
Then complete 10 deadlifts.
Finish the round by completing 50 double-unders.
Continue the sequence of rowing, deadlifts, and double-unders for 20 minutes.
Your score will be the total number of reps completed in 20 minutes.",,,https://games-assets.crossfit.com/s3fs-public/2024-03/CFG24%20Open%2024.2%20Scorecard_owienfowein.pdf,,https://games-assets.crossfit.com/s3fs-public/2024-03/CFG24%20Open%2024.2%20Scorecard_owienfowein.pdf,https://games-assets.crossfit.com/s3fs-public/2024-03/CFG24%20Open%2024.2%20Scorecard_Foundations_0s9dfjasod.pdf,,,"Start seated on the rower with hands off the paddle.
At the call of “Go,” row 300 meters.
Then complete 10 deadlifts.
Finish the round by completing 50 double-unders.
Continue the sequence of rowing, deadlifts, and double-unders for 20 minutes.
Your score will be the total number of reps completed in 20 minutes.","There is no required floor plan.
Gymnastics grips are NOT allowed during this workout.
Athletes may receive assistance resetting the rower between rounds.
There is no tiebreak.
During the row, 10 meters = 1 rep, rounded down (e.g., 237 meters = 23 reps).
If time expires during the row, record your score when the monitor has come to rest.",,"Barbell, plates, and collars.
Concept2 rower. No other type of rower is allowed.
Jump rope.",https://games.crossfit.com/workouts/open/2024/2
Open,2024,3,24.3,,,,"Start under the pull-up bar.
At “Go,” move to the barbell and complete 10 thrusters at the lighter weight.
Then complete 10 chest-to-bar pull-ups. Repeat this couplet for 5 rounds.
After completing the final chest-to-bar pull-up in round 5, rest for no less than 1 minute.
Return under the pull-up bar. After the 1-minute rest, move to the barbell.
Complete 5 rounds of 7 thrusters at the heavier weight and 7 bar muscle-ups.
Time stops at the completion of the last bar muscle-up.",,,https://games-assets.crossfit.com/s3fs-public/2024-03/CFG24%20Open%2024.3%20Scorecard_w0e9jfsoidnf.pdf,,https://games-assets.crossfit.com/s3fs-public/2024-03/CFG24%20Open%2024.3%20Scorecard_w0e9jfsoidnf_4.pdf,https://games-assets.crossfit.com/s3fs-public/2024-03/CFG24%20Open%2024.3%20Scorecard_Foundations_aosdifnowien.pdf,,,"Start under the pull-up bar.
At “Go,” move to the barbell and complete 10 thrusters at the lighter weight.
Then complete 10 chest-to-bar pull-ups. Repeat this couplet for 5 rounds.
After completing the final chest-to-bar pull-up in round 5, rest for no less than 1 minute.
Return under the pull-up bar. After the 1-minute rest, move to the barbell.
Complete 5 rounds of 7 thrusters at the heavier weight and 7 bar muscle-ups.
Time stops at the completion of the last bar muscle-up.","Start the timer at “Go.” The timer DOES NOT STOP during the 1-minute rest.
The barbell MUST be placed at least 5 feet away from the pull-up bar for safety.
Athletes may have assistance changing the barbell load or two bars may be used.
If time-capped, your score will be the total number of reps completed.
A tiebreak time will be recorded after you complete 5 rounds of thrusters and chest-to-bar pull-ups. If you do not complete the workout before the time cap, this is your tiebreak time. The athlete who completed the first 5 rounds the fastest wins the tie.
If the workout is completed before the time cap, there is no tiebreaker.",,"Barbell, plates, collars.
Pull-up bar.
Using tape on the pull-up bar AND gymnastics grips at the same time is NOT allowed.
Tape, cones, or any other object should be used to indicate the barbell is placed 5 feet away from the pull-up bar.",https://games.crossfit.com/workouts/open/2024/3
Open,2025,1,25.1,,,,"Start standing tall with your back to the dumbbell.
At “go,” turn around and perform 3 burpees over the dumbbell.
Next, perform 3 dumbbell hang clean-to-overheads.
Then, perform 30 feet of walking lunges (15 feet — 4.57 meters — out and 15 feet back).
Next, return to the dumbbell and perform 6 burpees over the dumbbell.
Then, perform 6 dumbbell hang clean-to-overheads.
Then, perform another 30 feet of walking lunges.
Repeat this sequence, adding 3 reps to the burpees and hang clean-to-overheads each round.
The walking lunge distance remains 30 feet (15 feet out and 15 feet back).
Your score will be the total number of repetitions performed within the 15-minute time cap.",,,https://games-assets.crossfit.com/s3fs-public/2025-02/CFG25%20Open%2025.1%20Scorecard_V9_jencinsneo.pdf?I56M7NwfnFM2JhYlJ1gsEU5OtdlT8cs3,,https://games-assets.crossfit.com/s3fs-public/2025-02/CFG25%20Open%2025.1%20Scorecard_V9_jencinsneo_4.pdf?8ARQsbBYIcue2KqcbhWt9F4XWUQPQXLB=,https://games-assets.crossfit.com/s3fs-public/2025-02/CFG25%20Open%2025.1%20Scorecard_Foundations_V4_fheaufjilamxik.pdf?6SpTbHF0iX7_JRs3hg7S85eQ96e1m2xN=,,,"Start standing tall with your back to the dumbbell.
At “go,” turn around and perform 3 burpees over the dumbbell.
Next, perform 3 dumbbell hang clean-to-overheads.
Then, perform 30 feet of walking lunges (15 feet — 4.57 meters — out and 15 feet back).
Next, return to the dumbbell and perform 6 burpees over the dumbbell.
Then, perform 6 dumbbell hang clean-to-overheads.
Then, perform another 30 feet of walking lunges.
Repeat this sequence, adding 3 reps to the burpees and hang clean-to-overheads each round.
The walking lunge distance remains 30 feet (15 feet out and 15 feet back).
Your score will be the total number of repetitions performed within the 15-minute time cap.","Gymnastics grips are
NOT
allowed during this workout.
The first rep of each hang clean-to-overhead set may be taken directly from the ground.
There is
NO
requirement to pause at the hang on the first rep.
You can choose either arm to complete the required reps.
You may switch hands at any time after the rep is credited.
During the lunge, each 15-foot section is considered 1 rep.
If the time cap is reached in the middle of a 15-foot section, the athlete will not receive credit for that rep.
There is no tiebreak.",,"Dumbbell
If using an adjustable dumbbell, the largest plates allowed are standard-sized 10-lb (5-kg) metal change plates (9 inches in diameter). In addition, when the dumbbell is at rest, the top of the handle cannot be less than 2.5 inches off the ground. Kettlebells, fat bells, or other non-traditional dumbbells are not allowed.
Tape for lunges
Refer to APPENDIX D in the
2025 CrossFit Games Rulebook
for complete equipment details, weight conversions, and video submission standards.",https://games.crossfit.com/workouts/open/2025/1
Open,2025,2,25.2,,,,"For time:
21 pull-ups
42 double-unders
21 thrusters (weight 1)
18 chest-to-bar pull-ups
36 double-unders
18 thrusters (weight 2)
15 bar muscle-ups
30 double-unders
15 thrusters (weight 3)
Time cap: 12 minutes
♀ 65, 75, 85 lb (29, 34, 38 kg)
♂ 95, 115, 135 lb (43, 52, 61 kg)",Time cap: 12 minutes,"♀ 65, 75, 85 lb (29, 34, 38 kg)
♂ 95, 115, 135 lb (43, 52, 61 kg)",https://games-assets.crossfit.com/s3fs-public/2025-03/CFG25%20Open%2025.2%20Scorecard_V7_edcvfrtgb.pdf?Mzianbt_a3z2AuXRGDI13ssEv_0zX8BJ,,,https://games-assets.crossfit.com/s3fs-public/2025-03/CFG25%20Open%2025.2%20Scorecard_Foundations_V4_eruawihfajknk.pdf?dJF_gontHoMczoPk1BX3khuI_287bd_k=,,,"Athletes start 5 feet (1.5 meters) from the pull-up bar, behind their barbell.
At “go,” move to the pull-up bar and perform 21 pull-ups.
Then, complete 42 double-unders.
Then, complete 21 thrusters at weight 1 (lightest).
Return to the pull-up bar for 18 chest-to-bar pull-ups.
Then, complete 36 double-unders.
Then, complete 18 thrusters at weight 2.
In the final round, complete 15 bar muscle-ups.
Then, complete 30 double-unders.
Finish with 15 thrusters at weight 3 (heaviest).
Time stops at the completion of the last thruster at weight 3.","Barbell(s) and/or any additional plates must be placed at least 5 feet from the pull-up bar for safety.
Double-unders may be performed anywhere.
Athletes may have assistance changing the barbell load or multiple bars may be used.
If time-capped, your score will be the total number of reps completed.
A tiebreak time is taken after each set of thrusters (see Tiebreak section below for more information).
If the workout is completed before the time cap, there is no tiebreaker.","Record the time after you complete the set of 21 thrusters. This will be your tiebreak time if you do not complete the set of 18 thrusters. If you complete the set of 18 thrusters, record that time. This will become your tiebreak time if you do not complete the workout. In the event of a tie, the athlete with the better tiebreak time will be ranked higher.","Barbell, plates, collars
Pull-up bar
Using tape on the pull-up bar AND gymnastics grips at the same time is NOT allowed.
Tape, cones, or any other object should be used to indicate the barbell is placed 5 feet away from the pull-up bar.
Refer to APPENDIX D in the
2025 CrossFit Games Rulebook
for complete equipment details and video submission standards.",https://games.crossfit.com/workouts/open/2025/2
Open,2025,3,25.3,,,,"For time:
5 wall walks
50-calorie row
5 wall walks
25 deadlifts
5 wall walks
25 cleans
5 wall walks
25 snatches
5 wall walks
50-calorie row
Time cap: 20 minutes
♀ 155-lb (70-kg) deadlift, 85-lb (38-kg) clean, 65-lb (29-kg) snatch
♂ 225-lb (102-kg) deadlift, 135-lb (61-kg) clean, 95-lb (43-kg) snatch",Time cap: 20 minutes,"♀ 155-lb (70-kg) deadlift, 85-lb (38-kg) clean, 65-lb (29-kg) snatch
♂ 225-lb (102-kg) deadlift, 135-lb (61-kg) clean, 95-lb (43-kg) snatch",https://games-assets.crossfit.com/s3fs-public/2025-03/CFG25%20Open%2025.3%20Scorecard_V12_tgfredcvbn.pdf?MwtJIN2To7x8TKlCDpPeTdpYH0CUSa5X,,,https://games-assets.crossfit.com/s3fs-public/2025-03/CFG25%20Open%2025.3%20Scorecard_Foundations_V6_eaichndjk.pdf?B96oJxuIQWoeEbzXwD2LLGTvIIecUusm=,,,"Athletes start behind the 60/55-inch (152/139-cm) line, facing the wall.
At “go,” turn around and perform 5 wall walks.
Then, complete 50 calories on the rower.
Then, move back to the wall and complete 5 wall walks.
Then, complete 25 deadlifts using the first weight (heaviest).
Then, move back to the wall and complete 5 wall walks.
Then, complete 25 cleans using the second weight.
Then, move back to the wall and complete 5 wall walks.
Then, complete 25 snatches using the third weight (lightest).
Then, move back to the wall and complete the final 5 wall walks.
Then, complete 50 calories on the rower.
Time stops at the completion of 50 calories on the rower.","Gymnastics grips are
NOT
allowed during this workout
Athletes may have assistance changing the barbell load or multiple bars may be used.
If time-capped, your score will be the total number of reps completed.
A tiebreak time is taken after each set of wall walks (see Tiebreak section below for more information).
If the workout is completed before the time cap, there is no tiebreaker.
For safety:
The barbell(s) and/or any additional plates must be placed at least 5 feet (1.5 meters) from the rower and wall-walk station.
The rower must be placed at least 5 feet (1.5 meters) from the barbells and wall-walk station.","Record the time after you complete each set of 5 wall walks. The last completed set of wall walks will be your tiebreak time. In the event of a tie, the athlete with the better tiebreak time will be ranked higher.","Barbell, plates, and collars.
Both the Rogue Echo Rower or Concept2 Rower are allowed. No other rower is allowed.
Video submissions: A clear view of the monitor must be captured after each row — it is
OK
to move the camera to meet this requirement.
Tape, cones, or any other object
MUST
be used to indicate 5-foot spacing is maintained between all equipment.
Wall-Walk Setup
Mark a tape line to designate the start/finish line. Measure from the wall to the edge of the tape that is
CLOSEST
to the wall. For women, the distance from the wall to the tape is 55 inches. For men, the distance is 60 inches. This first line will be the start and finish line for each repetition.
Tape a second line that leaves 10 inches of space between the tape’s far edge and the wall.
The tape line placed 10 inches from the wall must be
NO LONGER
than 30 inches and
NO WIDER
than 2 inches.
Refer to APPENDIX D in the
2025 CrossFit Games Rulebook
for complete equipment details, weight conversions, and video submission standards.",https://games.crossfit.com/workouts/open/2025/3
Open,2026,1,26.1,,,,"For time:
20 wall-ball shots
18 box jump-overs
30 wall-ball shots
18 box jump-overs
40 wall-ball shots
18 medicine-ball box step-overs
66 wall-ball shots
18 medicine-ball box step-overs
40 wall-ball shots
18 box jump-overs
30 wall-ball shots
18 box jump-overs
20 wall-ball shots
Time cap: 12 minutes
♀ 14-lb (6-kg) medicine ball, 9-foot target, 20-inch box
♂ 20-lb (9-kg) medicine ball, 10-ft target, 24-inch box",Time cap: 12 minutes,"♀ 14-lb (6-kg) medicine ball, 9-foot target, 20-inch box
♂ 20-lb (9-kg) medicine ball, 10-ft target, 24-inch box",https://games-assets.crossfit.com/s3fs-public/2026-02/CFG26%20Open%2026.1%20Scorecard_V9.pdf?XDPbZ57j9s9uRiKBOAL2l4FCqWOM0kwh,,https://games-assets.crossfit.com/s3fs-public/2026-02/CFG26%20Open%2026.1%20Scorecard_V8_4.pdf?7NfVrEytP9DFNMvL4IZ2XoHOYCWlNj4E=,https://games-assets.crossfit.com/s3fs-public/2026-02/CFG26%20Open%2026.1%20Scorecard_Foundations_V8.pdf?Ole1IOqpm13gP3mQamspjxtE783JdWu3=,,,"Start standing tall. At “go,” pick up the ball and complete 20 wall-ball shots.
Then, move to the box and complete 18 box jump-overs.
Then, complete 30 wall-ball shots and 18 box jump-overs.
Then, complete 40 wall-ball shots.
Then, move to the box and complete 18 box step-overs while holding the medicine ball.
Then, complete 66 wall-ball shots and 18 medicine-ball box step-overs.
Then, complete 40 wall-ball shots, move to the box and complete 18 box jump-overs (no medicine ball).
Then, complete 30 wall-ball shots and 18 box jump-overs.
Then, complete 20 wall-ball shots.
Time stops when the ball hits the target on the last wall-ball shot.","Only one medicine ball may be used during the workout.
The box must be placed at least 10 feet away from the wall-ball station for safety.","A tiebreak time will be taken after each set of box jump-overs and each set of box step-overs.
The LAST completed set of box jump-overs or box step-overs will be your tiebreak time.
In the event of a tie on reps, the athlete with the faster tiebreak will win the tie.
Athletes who complete the workout under the time cap will not enter a tiebreak score.","Medicine ball
Wall-ball target of appropriate height
Box - the dimensions of the top of the box must be at least 15 inches x 15 inches (38 centimeters x 38 centimeters).
Refer to APPENDIX D in the 2026 CrossFit Games Rulebook for complete equipment details, weight conversions, and video submission standards.",https://games.crossfit.com/workouts/open/2026/1
Open,2026,2,26.2,,,,"For time:
80-foot dumbbell overhead walking lunge
20 alternating dumbbell snatches
20 pull-ups
80-foot dumbbell overhead walking lunge
20 alternating dumbbell snatches
20 chest-to-bar pull-ups
80-foot dumbbell overhead walking lunge
20 alternating dumbbell snatches
20 muscle-ups
Time cap: 15 minutes
♀ 35-lb (15-kg) dumbbell
♂ 50-lb (22.5-kg) dumbbell",Time cap: 15 minutes,"♀ 35-lb (15-kg) dumbbell
♂ 50-lb (22.5-kg) dumbbell",https://games-assets.crossfit.com/s3fs-public/2026-03/CFG26%20Open%2026.2%20Scorecard_V8_ojewfnes.pdf?AvjHVaRI9I6tmlVqYOQ7llm0RkedJVwi,,https://games-assets.crossfit.com/s3fs-public/2026-03/CFG26%20Open%2026.2%20Scorecard_V8_ojewfnes_4.pdf?8sqXBdneYn5o4hQVqtYW3mkWUayN0Jtm=,https://games-assets.crossfit.com/s3fs-public/2026-03/CFG26%20Open%2026.2%20Scorecard_Foundations_V6_owjfn.pdf?t9DEcjmwQ_Ul_GVDECot_NMp90aK_IY1=,,,"Start standing tall with the dumbbell on the ground.
At “go,” pick-up the dumbbell and complete 80 feet of overhead walking lunges in 20-foot sections.
Turn around after completing 20 feet of lunging.
You do not have to alternate which hand holds the dumbbell at any time.
After the final lunge, complete 20 alternating dumbbell snatches.
You must switch arms after every successful rep.
Then, move to the pull-up bar and complete 20 pull-ups.
Move back to the start of the lunge and complete 80 feet of overhead walking lunges.
Then, complete 20 alternating dumbbell snatches and 20 chest-to-bar pull-ups.
Complete the final 80 feet of overhead walking lunges and 20 alternating dumbbell snatches.
Move to the rings and complete 20 muscle-ups.
Time stops when the athlete reaches lockout on the final muscle-up.","The dumbbell must remain at least 5 feet away from the pull-up bar and rings.
As long as 80 feet of overhead walking lunges are completed, the lunge track may be shorter than 20 feet, but cannot be longer than 20 feet.
Each rep of overhead walking lunges is 20 feet. Athletes may not lower the dumbbell before completing 20 feet.
Gymnastics grips are NOT allowed during the dumbbell snatches.","A tiebreak time will be taken after each set of dumbbell snatches.
The LAST completed set of dumbbell snatches will be your tiebreak time.
Athletes who complete the workout under the time cap will not enter a tiebreak score.
In the event of a tie on reps completed, the athlete with the faster tiebreak time will win the tie.","Dumbbell
If using an adjustable dumbbell, the largest plates allowed are standard-sized 10-lb (5-kg) metal change plates (9 inches in diameter). In addition, when the dumbbell is at rest, the top of the handle cannot be less than 2.5 inches off the ground. Kettlebells, fat bells, or other non-traditional dumbbells are not allowed.
Tape, cones, or any other object to mark 20-foot lunge distance.
Pull-up bar
Rings
Box or similar object for jumping pull-ups
Refer to APPENDIX D in the
2026 CrossFit Games Rulebook
for complete equipment details, weight conversions, and video submission standards.",https://games.crossfit.com/workouts/open/2026/2
Open,2026,3,26.3,,,,"For time:
2 rounds of:
12 burpees over the bar
12 cleans, weight 1
12 burpees over the bar
12 thrusters, weight 1
2 rounds of:
12 burpees over the bar
12 cleans, weight 2
12 burpees over the bar
12 thrusters, weight 2
2 rounds of:
12 burpees over the bar
12 cleans, weight 3
12 burpees over the bar
12 thrusters, weight 3
Time cap: 16 minutes
♀ 65, 75, 85 lb (29, 34, 38 kg)
♂ 95, 115, 135 lb (43, 52, 61 kg)",Time cap: 16 minutes,"♀ 65, 75, 85 lb (29, 34, 38 kg)
♂ 95, 115, 135 lb (43, 52, 61 kg)",https://games-assets.crossfit.com/s3fs-public/2026-03/CFG26%20Open%2026.3%20Scorecard_V7_aiwne.pdf?foyN.ImZoQzX5tEHqA.3S1lveTGD14T5,,https://games-assets.crossfit.com/s3fs-public/2026-03/CFG26%20Open%2026.3%20Scorecard_V7_aiwne_3.pdf?q5le4Zo_A8iXXg_H9FjUeSa1aDVJBLWN=,https://games-assets.crossfit.com/s3fs-public/2026-03/CFG26%20Open%2026.3%20Scorecard_Foundations_V6_wiwgn.pdf?YNAWlw8l3lLWVvLRJkZ_1123PIy44Vbq=,,,"Start standing tall.
At “go,” begin by completing 2 rounds of:
12 burpees over the barbell
12 cleans at the lightest weight
12 burpees over the bar
12 thrusters at the lightest weight
Athletes must change their own weights.
Then, complete 2 rounds of:
12 burpees over the barbell
12 cleans at the middle weight
12 burpees over the bar
12 thrusters at the middle weight
Athletes must change their own weights.
Then, complete 2 rounds of:
12 burpees over the barbell
12 cleans at the heaviest weight
12 burpees over the bar
12 thrusters at the heaviest weight
Time stops at the completion (lockout) of the final thruster.","Time does not stop at any time during this workout.
Athletes MUST:
Use exactly the prescribed weights during each round.
Use one barbell during the workout.
Change their own weights (no outside assistance is allowed).
Place collars on the outside of the plates.
Athletes may change the weights at any time after completing their second and fourth rounds of thrusters.","A tiebreak time will be taken after each set of thrusters is completed.
The LAST completed set of thrusters will be your tiebreak
Athletes who complete the workout under the time cap will not enter a tiebreak score.
In the event of a tie on reps completed, the athlete with the faster tiebreak time will win the tie.","Barbell
Men are required to use a 45-lb (20-kg) barbell.
Women are required to use a 35-lb (15-kg) barbell.
Bumper plates
Must be standard bumper plates 18 inches (45 centimeters) in diameter.
Scaled Teenagers and Scaled Masters athletes using smaller plates must place the bar on risers (e.g., other bumper plates) or use a lighter barbell (i.e., training bar with standard bumper plates) to achieve the minimum bar height of 8.5 inches inches during the burpees.
Collars
ALL DIVISIONS: May use ONLY one barbell
Refer to APPENDIX D in the
2026 CrossFit Games Rulebook
for complete equipment details, weight conversions, and video submission standards.",https://games.crossfit.com/workouts/open/2026/3
